title,timestamp,date,time,url,description
Chicago Blackhawks vs. Edmonton Oilers,2018-10-28 17:00:00 UTC,2018-10-28,05:00 PM,/events/2018/10/28/chicago-blackhawks-vs-edmonton-oilers/,Chicago Blackhawks vs. Edmonton Oilers
Chicago Bulls vs. Golden State Warriors,2018-10-29 19:00:00 UTC,2018-10-29,07:00 PM,/events/2018/10/29/chicago-bulls-vs-golden-state-warriors/,Chicago Bulls vs. Golden State Warriors
SO SO DEF - CANCELLED,2018-10-30 00:00:00 UTC,2018-10-30,12:00 AM,/events/2018/10/30/so-so-def/,"Grammy Award-winning Producer, Hall of Fame Songwriter, recording artist, and TV star Jermaine Dupri, has been an iconic presence in the music industry for 25 years. Celebrating his legacy and So So Def’s quarter century of success, Jermaine is bringing all his artists together on one stage for The So So Def 25th Anniversary CULTURAL CURREN$Y TOUR, which will include a stop in Chicago on October 30!"
Chicago Bulls vs. Denver Nuggets,2018-10-31 19:00:00 UTC,2018-10-31,07:00 PM,/events/2018/10/31/chicago-bulls-vs-denver-nuggets/,Chicago Bulls vs. Denver Nuggets
Chicago Bulls vs. Indiana Pacers,2018-11-02 19:00:00 UTC,2018-11-02,07:00 PM,/events/2018/11/02/chicago-bulls-vs-indiana-pacers/,Chicago Bulls vs. Indiana Pacers
FanHome Presents,2018-11-02 23:00:00 UTC,2018-11-02,11:00 PM,/events/2018/11/02/fanhome-league-of-legends-grand-finals-viewing-party/,The League of Legends World Championship Grand Finals are here and FanHome will host a late-night viewing party in a private space at the United Center on November 2 beginning at 11 PM. 
Chicago Bulls vs. Houston Rockets,2018-11-03 19:00:00 UTC,2018-11-03,07:00 PM,/events/2018/01/08/chicago-bulls-vs-houston-rockets1/,Chicago Bulls vs. Houston Rockets
Josh Groban,2018-11-06 20:00:00 UTC,2018-11-06,08:00 PM,/events/2018/11/06/josh-groban/,"Multi-platinum award-winning singer, songwriter and global superstar Josh Groban announced his Fall 2018, Arena tour, including a date in Chicago on Nov. 6. Joining him throughout the tour is Tony-Award winning, multi-platinum recording artist and actress, Idina Menzel."
Chicago Blackhawks vs. Carolina Hurricanes,2018-11-08 19:30:00 UTC,2018-11-08,07:30 PM,/events/2018/11/08/chicago-blackhawks-vs-carolina-hurricanes/,Chicago Blackhawks vs. Carolina Hurricanes
Chicago Bulls vs. Cleveland Cavaliers,2018-11-10 19:00:00 UTC,2018-11-10,07:00 PM,/events/2018/11/10/chicago-bulls-vs-cleveland-cavaliers/,Chicago Bulls vs. Cleveland Cavaliers
Chicago Bulls vs. Dallas Mavericks,2018-11-12 19:00:00 UTC,2018-11-12,07:00 PM,/events/2018/11/12/chicago-bulls-vs-dallas-mavericks/,Chicago Bulls vs. Dallas Mavericks
Michelle Obama,2018-11-13 20:00:00 UTC,2018-11-13,08:00 PM,/events/2018/11/13/michelle-obama-becoming/,"Today, Michelle Obama announced her U.S. book tour in support of her highly anticipated memoir, BECOMING, will kick off in Chicago on November 13! BECOMING: An Intimate Conversation with Michelle Obama will feature intimate and honest conversations between Mrs. Obama and a selection of to-be-announced moderators, reflective of the extraordinary stories shared in the wide-ranging chapters of her deeply personal book."
Chicago Blackhawks vs. St. Louis Blues,2018-11-14 19:00:00 UTC,2018-11-14,07:00 PM,/events/2018/11/14/chicago-blackhawks-vs-st-louis-blues/,Chicago Blackhawks vs. St. Louis Blues
Chicago Blackhawks vs. Los Angeles Kings,2018-11-16 19:30:00 UTC,2018-11-16,07:30 PM,/events/2018/11/16/chicago-blackhawks-vs-los-angeles-kings/,Chicago Blackhawks vs. Los Angeles Kings
Chicago Bulls vs. Toronto Raptors,2018-11-17 19:00:00 UTC,2018-11-17,07:00 PM,/events/2018/11/17/chicago-bulls-vs-toronto-raptors/,Chicago Bulls vs. Toronto Raptors
Chicago Blackhawks vs. Minnesota Wild,2018-11-18 17:00:00 UTC,2018-11-18,05:00 PM,/events/2018/11/18/chicago-blackhawks-vs-minnesota-wild/,Chicago Blackhawks vs. Minnesota Wild
Chicago Bulls vs. Phoenix Suns,2018-11-21 19:00:00 UTC,2018-11-21,07:00 PM,/events/2018/11/21/chicago-bulls-vs-phoenix-suns/,Chicago Bulls vs. Phoenix Suns
Chicago Bulls vs. Miami Heat,2018-11-23 19:00:00 UTC,2018-11-23,07:00 PM,/events/2018/11/23/chicago-bulls-vs-miami-heat/,Chicago Bulls vs. Miami Heat
107.5 WGCI Big Jam,2018-11-24 19:30:00 UTC,2018-11-24,07:30 PM,/events/2018/11/24/wgci-big-jam/,"107.5 WGCI Presents BIG JAM 2018 starring CARDI B, KODAK BLACK, TORY LANEZ, YOUNG DOLPH AND MORE."
Chicago Bulls vs. San Antonio Spurs,2018-11-26 19:00:00 UTC,2018-11-26,07:00 PM,/events/2018/11/26/chicago-bulls-vs-san-antonio-spurs/,Chicago Bulls vs. San Antonio Spurs
Chicago Blackhawks vs. Vegas Golden Knights,2018-11-27 19:00:00 UTC,2018-11-27,07:00 PM,/events/2018/11/27/chicago-blackhawks-vs-vegas-golden-knights/,Chicago Blackhawks vs. Vegas Golden Knights
Charlie Wilson,2018-11-30 20:00:00 UTC,2018-11-30,08:00 PM,/events/2018/08/25/charlie-wilson-r-b-summer-jam/,Grammy nominated artist Charlie Wilson's tour stop in Chicago on August 25 has been reschedule to Nov. 30.  The new event date and special guests will be announced soon. Tickets for the August show will be honored at the rescheduled show.
Train Like A Champ,2018-12-01 10:00:00 UTC,2018-12-01,10:00 AM,/events/2018/12/01/train-like-a-champ/,"TRAIN LIKE A CHAMP is coming back to the Atrium at the United Center, Saturday, December 1 for the second installment of its world-class performance training series. "
Chicago Blackhawks vs. Calgary Flames,2018-12-02 18:00:00 UTC,2018-12-02,06:00 PM,/events/2018/12/02/chicago-blackhawks-vs-calgary-flames/,Chicago Blackhawks vs. Calgary Flames
Illinois Bicentennial Celebration - RELOCATED,2018-12-03 00:00:00 UTC,2018-12-03,12:00 AM,/events/2018/12/03/illinois-bicentennial-celebration/,"The Illinois Bicentennial Celebration has been relocated from United Center to Navy Pier, located at 600 E. Grand Ave., Chicago, IL 60611.Your tickets for the event will still be valid at Navy Pier.  If you do no longer wish to attend at the new venue, you may receive a full refund by contacting Ticketmaster."
University of Illinois vs. Ohio State,2018-12-05 18:00:00 UTC,2018-12-05,06:00 PM,/events/2018/12/05/illinois-vs-ohio-state/,University of Illinois vs. Ohio State
Travis Scott,2018-12-06 19:30:00 UTC,2018-12-06,07:30 PM,/events/2018/12/06/travis-scott-astroworld-wish-you-were-here/,"Travis Scott brings his Astroworld - Wish You Were Here Tour to Chicago on Dec. 6, with special guests Sheck Wes, Trippie Redd and Gunna."
Chicago Bulls vs. Oklahoma City Thunder,2018-12-07 19:00:00 UTC,2018-12-07,07:00 PM,/events/2018/12/07/chicago-bulls-vs-oklahoma-city-thunder/,Chicago Bulls vs. Oklahoma City Thunder
Chicago Bulls vs. Boston Celtics,2018-12-08 19:00:00 UTC,2018-12-08,07:00 PM,/events/2018/12/08/chicago-bulls-vs-boston-celtics/,Chicago Bulls vs. Boston Celtics
Chicago Blackhawks vs. Montreal Canadiens,2018-12-09 17:00:00 UTC,2018-12-09,05:00 PM,/events/2018/12/09/chicago-blackhawks-vs-montreal-canadiens/,Chicago Blackhawks vs. Montreal Canadiens
Chicago Bulls vs. Sacramento Kings,2018-12-10 19:00:00 UTC,2018-12-10,07:00 PM,/events/2018/12/10/chicago-bulls-vs-sacramento-kings/,Chicago Bulls vs. Sacramento Kings
Chicago Blackhawks vs. Pittsburgh Penguins,2018-12-12 19:00:00 UTC,2018-12-12,07:00 PM,/events/2018/12/12/chicago-blackhawks-vs-pittsburgh-penguins/,Chicago Blackhawks vs. Pittsburgh Penguins
Chicago Blackhawks vs. Winnipeg Jets,2018-12-14 19:30:00 UTC,2018-12-14,07:30 PM,/events/2018/12/14/chicago-blackhawks-vs-winnipeg-jets/,Chicago Blackhawks vs. Winnipeg Jets
Chicago Blackhawks vs. San Jose Sharks,2018-12-16 18:00:00 UTC,2018-12-16,06:00 PM,/events/2018/12/16/chicago-blackhawks-vs-san-jose-sharks/,Chicago Blackhawks vs. San Jose Sharks
Chicago Blackhawks vs. Nashville Predators,2018-12-18 19:30:00 UTC,2018-12-18,07:30 PM,/events/2018/12/18/chicago-blackhawks-vs-nashville-predators/,Chicago Blackhawks vs. Nashville Predators
Chicago Bulls vs. Brooklyn Nets,2018-12-19 19:00:00 UTC,2018-12-19,07:00 PM,/events/2018/12/19/chicago-bulls-vs-brooklyn-nets/,Chicago Bulls vs. Brooklyn Nets
Chicago Bulls vs. Orlando Magic,2018-12-21 19:00:00 UTC,2018-12-21,07:00 PM,/events/2018/12/21/chicago-bulls-vs-orlando-magic/,Chicago Bulls vs. Orlando Magic
Chicago Blackhawks vs. Florida Panthers,2018-12-23 18:00:00 UTC,2018-12-23,06:00 PM,/events/2018/12/23/chicago-blackhawks-vs-florida-panthers/,Chicago Blackhawks vs. Florida Panthers
Chicago Bulls vs. Minnesota Timberwolves,2018-12-26 19:00:00 UTC,2018-12-26,07:00 PM,/events/2018/12/26/chicago-bulls-vs-minnesota-timberwolves/,Chicago Bulls vs. Minnesota Timberwolves
Chicago Blackhawks vs. Minnesota Wild,2018-12-27 19:30:00 UTC,2018-12-27,07:30 PM,/events/2018/12/27/chicago-blackhawks-vs-minnesota-wild/,Chicago Blackhawks vs. Minnesota Wild
Harlem Globetrotters,2018-12-28 00:00:00 UTC,2018-12-28,12:00 AM,/events/2018/12/28/harlem-globetrotters/,The Original Harlem Globetrotters all-new Fan Powered World tour is headed your  way. Take your family to this unforgettable event where you won’t be watching the action...you’ll be in the middle of it! 
WWE LIVE HOLIDAY TOUR,2018-12-29 19:30:00 UTC,2018-12-29,07:30 PM,/events/2019/12/29/WWE-Live-Holiday-Tour/,"See your favorite superstars in action live when WWE returns to the United Center in Chicago for the WWE Live Holiday Tour on Saturday, Dec. 29, 2018!"
Chicago Blackhawks vs. Boston Bruins,2019-01-01 12:00:00 UTC,2019-01-01,12:00 PM,/events/2019/01/01/chicago-blackhawks-vs-boston-bruins/,Chicago Blackhawks vs. Boston Bruins
Chicago Bulls vs. Orlando Magic,2019-01-02 19:00:00 UTC,2019-01-02,07:00 PM,/events/2019/01/02/chicago-bulls-vs-orlando-magic/,Chicago Bulls vs. Orlando Magic
Chicago Bulls vs. Indiana Pacers,2019-01-04 19:00:00 UTC,2019-01-04,07:00 PM,/events/2019/01/04/chicago-bulls-vs-indiana-pacers/,Chicago Bulls vs. Indiana Pacers
Chicago Bulls vs. Brooklyn Nets,2019-01-06 14:30:00 UTC,2019-01-06,02:30 PM,/events/2019/01/06/chicago-bulls-vs-brooklyn-nets/,Chicago Bulls vs. Brooklyn Nets
Chicago Blackhawks vs. Calgary Flames,2019-01-07 19:30:00 UTC,2019-01-07,07:30 PM,/events/2019/01/07/chicago-blackhawks-vs-calgary-flames/,Chicago Blackhawks vs. Calgary Flames
Chicago Blackhawks vs. Nashville Predators,2019-01-09 19:00:00 UTC,2019-01-09,07:00 PM,/events/2019/01/09/chicago-blackhawks-vs-nashville-predators/,Chicago Blackhawks vs. Nashville Predators
Chicago Blackhawks vs. Vegas Golden Knights,2019-01-12 19:30:00 UTC,2019-01-12,07:30 PM,/events/2019/01/12/chicago-blackhawks-vs-vegas-golden-knights/,Chicago Blackhawks vs. Vegas Golden Knights
Chicago Bulls vs. Miami Heat,2019-01-19 19:00:00 UTC,2019-01-19,07:00 PM,/events/2019/01/19/chicago-bulls-vs-miami-heat/,Chicago Bulls vs. Miami Heat
Chicago Blackhawks vs. Washington Capitals,2019-01-20 11:30:00 UTC,2019-01-20,11:30 AM,/events/2019/01/20/chicago-blackhawks-vs-washington-capitals/,Chicago Blackhawks vs. Washington Capitals
University of Wisconsin vs. Notre Dame,2019-01-20 18:30:00 UTC,2019-01-20,06:30 PM,/events/2019/01/20/notre-dame-vs-university-wisconsin/,"The University of Wisconsin and the University of Notre Dame Men’s Hockey teams will play in Chicago for the second year on January 20, 2019 at the iconic United Center arena."
Chicago Blackhawks vs. New York Islanders,2019-01-22 19:30:00 UTC,2019-01-22,07:30 PM,/events/2019/01/22/chicago-blackhawks-vs-new-york-islanders/,Chicago Blackhawks vs. New York Islanders
Chicago Bulls vs. Atlanta Hawks,2019-01-23 19:00:00 UTC,2019-01-23,07:00 PM,/events/2019/01/23/chicago-bulls-vs-atlanta-hawks/,Chicago Bulls vs. Atlanta Hawks
Chicago Bulls vs. Los Angeles Clippers,2019-01-25 19:00:00 UTC,2019-01-25,07:00 PM,/events/2019/01/25/chicago-bulls-vs-los-angeles-clippers/,Chicago Bulls vs. Los Angeles Clippers
Chicago Bulls vs. Cleveland Cavaliers,2019-01-27 14:30:00 UTC,2019-01-27,02:30 PM,/events/2019/01/27/chicago-bulls-vs-cleveland-cavaliers/,Chicago Bulls vs. Cleveland Cavaliers
Disney On Ice,2019-01-31 00:00:00 UTC,2019-01-31,12:00 AM,/events/2019/01/disney-on-ice-presents-mickey-mouse-search-party/,"Disney On Ice presents Mickey’s Search Partybrings the magic closer to guests than ever before as beloved characters come to life through unexpected, never-before-seen performances. Through innovation, technology and participatory elements, the show extends the performance surface beyond the ice to better engage and interact with the audience on a new, transformative level."
Chicago Blackhawks vs. Vancouver Canucks,2019-02-07 19:30:00 UTC,2019-02-07,07:30 PM,/events/2018/02/07/chicago-blackhawks-vs-vancouver-canucks/,Chicago Blackhawks vs. Vancouver Canucks
Cher,2019-02-08 20:00:00 UTC,2019-02-08,08:00 PM,/events/2019/10/29/cher-here-we-go-again/,"Following  the recent global success and rave reviews for Cher’s role in the  Mamma Mia 2 – Here We Go Again film,  the multi-award winning singer, actress and show-stopping performer  will be crossing the U.S. for the first time in five years.   Cher is expected to perform many of her hits along with some new songs from the Dancing Queen album – Cher’s tribute to the music of ABBA – out September 28th. "
Chicago Bulls vs. Washington Wizards,2019-02-09 19:00:00 UTC,2019-02-09,07:00 PM,/events/2019/02/09/chicago-bulls-vs-washington-wizards/,Chicago Bulls vs. Washington Wizards
Chicago Blackhawks vs. Detroit Red Wings,2019-02-10 14:00:00 UTC,2019-02-10,02:00 PM,/events/2019/02/10/chicago-blackhawks-vs-detroit-red-wings/,Chicago Blackhawks vs. Detroit Red Wings
Chicago Bulls vs. Milwaukee Bucks,2019-02-11 19:00:00 UTC,2019-02-11,07:00 PM,/events/2019/02/11/chicago-bulls-vs-milwaukee-bucks/,Chicago Bulls vs. Milwaukee Bucks
Chicago Bulls vs. Memphis Grizzlies,2019-02-13 19:00:00 UTC,2019-02-13,07:00 PM,/events/2019/02/13/chicago-bulls-vs-memphis-grizzlies/,Chicago Bulls vs. Memphis Grizzlies
Chicago Blackhawks vs. New Jersey Devils,2019-02-14 19:30:00 UTC,2019-02-14,07:30 PM,/events/2019/02/14/chicago-blackhawks-vs-new-jersey-devils/,Chicago Blackhawks vs. New Jersey Devils
Chicago Blackhawks vs. Ottawa Senators,2019-02-18 19:30:00 UTC,2019-02-18,07:30 PM,/events/2019/02/18/chicago-blackhawks-vs-ottawa-senators/,Chicago Blackhawks vs. Ottawa Senators
Travis Scott,2019-02-21 20:00:00 UTC,2019-02-21,08:00 PM,/events/2019/02/21/travis-scott-astroworld-wish-you-were-here/,Travis Scott brings his Astroworld - Wish You Were Here Tour to Chicago on Feb. 21!
Chicago Blackhawks vs. Colorado Avalanche,2019-02-22 18:30:00 UTC,2019-02-22,06:30 PM,/events/2019/02/22/chicago-blackhawks-vs-colorado-avalanche/,Chicago Blackhawks vs. Colorado Avalanche
Chicago Bulls vs. Boston Celtics,2019-02-23 19:00:00 UTC,2019-02-23,07:00 PM,/events/2019/02/23/chicago-bulls-vs-boston-celtics/,Chicago Bulls vs. Boston Celtics
Chicago Blackhawks vs. Dallas Stars,2019-02-24 14:00:00 UTC,2019-02-24,02:00 PM,/events/2019/02/24/chicago-blackhawks-vs-dallas-stars/,Chicago Blackhawks vs. Dallas Stars
Chicago Bulls vs. Milwaukee Bucks,2019-02-25 19:00:00 UTC,2019-02-25,07:00 PM,/events/2019/02/25/chicago-bulls-vs-milwaukee-bucks/,Chicago Bulls vs. Milwaukee Bucks
Fleetwood Mac,2019-03-01 20:00:00 UTC,2019-03-01,08:00 PM,/events/2019/03/01/fleetwood-mac/,"Due to overwhelming fan demand, legendary, GRAMMY-award winning band Fleetwood Mac have announced today additional dates to their North American tour, including another stop in Chicago on March 1. The tour will feature the newly announced line-up of Mick Fleetwood, John McVie, Stevie Nicks, and Christine McVie along with newcomers Mike Campbell and Neil Finn.  "
KISS,2019-03-02 19:30:00 UTC,2019-03-02,07:30 PM,/events/2019/10/29/KISS-End-Of-The-Road/,"After an epic and storied 45 year career that launched an era of rock n roll legends, KISS announced that they will launch their final tour ever in 2019, appropriately named END OF THE ROAD.  The tour makes a stop in Chicago on Saturday, March 2, 2019!"
Chicago Bulls vs. Atlanta Hawks,2019-03-03 14:30:00 UTC,2019-03-03,02:30 PM,/events/2019/03/03/chicago-bulls-vs-atlanta-hawks/,Chicago Bulls vs. Atlanta Hawks
Chicago Bulls vs. Philadelphia 76ers,2019-03-06 19:00:00 UTC,2019-03-06,07:00 PM,/events/2019/03/06/chicago-bulls-vs-philadelphia-76ers/,Chicago Bulls vs. Philadelphia 76ers
Chicago Blackhawks vs. Buffalo Sabres,2019-03-07 19:30:00 UTC,2019-03-07,07:30 PM,/events/2019/03/07/chicago-blackhawks-vs-buffalo-sabres/,Chicago Blackhawks vs. Buffalo Sabres
Chicago Bulls vs. Detroit Pistons,2019-03-08 19:00:00 UTC,2019-03-08,07:00 PM,/events/2019/03/08/chicago-bulls-vs-detroit-pistons/,Chicago Bulls vs. Detroit Pistons
Chicago Blackhawks vs. Arizona Coyotes,2019-03-11 19:30:00 UTC,2019-03-11,07:30 PM,/events/2019/03/11/chicago-blackhawks-vs-arizona-coyotes/,Chicago Blackhawks vs. Arizona Coyotes
Chicago Bulls vs. Los Angeles Lakers,2019-03-12 19:00:00 UTC,2019-03-12,07:00 PM,/events/2019/03/12/chicago-bulls-vs-los-angeles-lakers/,Chicago Bulls vs. Los Angeles Lakers
2019 Big Ten Tournament,2019-03-13 00:00:00 UTC,2019-03-13,12:00 AM,/events/2019/03/13/big-ten-tournament/,The 22nd annual Big Ten Tournament will return to the United Center for the 10th time on March 13-17!
Chicago Blackhawks vs. Vancouver Canucks,2019-03-18 19:30:00 UTC,2019-03-18,07:30 PM,/events/2018/03/18/chicago-blackhawks-vs-vancouver-canucks/,Chicago Blackhawks vs. Vancouver Canucks
Chicago Bulls vs. Washington Wizards,2019-03-20 19:00:00 UTC,2019-03-20,07:00 PM,/events/2019/03/20/chicago-bulls-vs-washington-wizards/,Chicago Bulls vs. Washington Wizards
Chicago Blackhawks vs. Philadelphia Flyers,2019-03-21 19:30:00 UTC,2019-03-21,07:30 PM,/events/2019/03/21/chicago-blackhawks-vs-philadelphia-flyers/,Chicago Blackhawks vs. Philadelphia Flyers
Illinois State High School Hockey Championships,2019-03-22 00:00:00 UTC,2019-03-22,12:00 AM,/events/2019/03/22/illinois-high-school-hockey-championships/,"The Chicago Blackhawks will host the 2019 Illinois State High School Hockey Championships, presented by Chicagoland and Northwest Indiana Chevy Dealers, at the United Center on Friday, March 22. For the eighth consecutive year, the Boys' State Championship tilt will be broadcast in high-definition on NBC Sports Chicago and streamed live on NBCSportsChicago.com."
Chicago Bulls vs. Utah Jazz,2019-03-23 19:00:00 UTC,2019-03-23,07:00 PM,/events/2019/03/23/chicago-bulls-vs-utah-jazz/,Chicago Bulls vs. Utah Jazz
Chicago Blackhawks vs. Colorado Avalanche,2019-03-24 19:00:00 UTC,2019-03-24,07:00 PM,/events/2019/03/24/chicago-blackhawks-vs-colorado-avalanche/,Chicago Blackhawks vs. Colorado Avalanche
2Cellos,2019-03-26 19:30:00 UTC,2019-03-26,07:30 PM,/events/2019/03/26/2-cellos-let-there-be-cellos/,"Gearing up for the October 19 release of new album Let There Be Cello, 2CELLOS announce a Chicago concert appearance on March 26 at the United Center!"
Chicago Bulls vs. Portland Trail Blazers,2019-03-27 19:00:00 UTC,2019-03-27,07:00 PM,/events/2019/03/27/chicago-bulls-vs-portland-trail-blazers/,Chicago Bulls vs. Portland Trail Blazers
Mumford & Sons,2019-03-29 19:30:00 UTC,2019-03-29,07:30 PM,/events/2019/03/29/mumford-and-sons/,"Mumford & Sons will embark on an extensive 60-date worldwide arena tour this fall, including a stop in Chicago on March 29, featuring a groundbreaking new in-the-round stage design."
Chicago Bulls vs. Toronto Raptors,2019-03-30 19:00:00 UTC,2019-03-30,07:00 PM,/events/2019/03/30/chicago-bulls-vs-toronto-raptors/,Chicago Bulls vs. Toronto Raptors
Chicago Blackhawks vs. Winnipeg Jets,2019-04-01 19:30:00 UTC,2019-04-01,07:30 PM,/events/2019/04/01/chicago-blackhawks-vs-winnipeg-jets/,Chicago Blackhawks vs. Winnipeg Jets
Chicago Blackhawks vs. St. Louis Blues,2019-04-03 19:00:00 UTC,2019-04-03,07:00 PM,/events/2019/04/03/chicago-blackhawks-vs-st-louis-blues/,Chicago Blackhawks vs. St. Louis Blues
Chicago Blackhawks vs. Dallas Stars,2019-04-05 19:30:00 UTC,2019-04-05,07:30 PM,/events/2019/04/05/chicago-blackhawks-vs-dallas-stars/,Chicago Blackhawks vs. Dallas Stars
Chicago Bulls vs. Philadelphia 76ers,2019-04-06 19:00:00 UTC,2019-04-06,07:00 PM,/events/2019/04/06/chicago-bulls-vs-philadelphia-76ers/,Chicago Bulls vs. Philadelphia 76ers
Chicago Bulls vs. New York Knicks,2019-04-09 19:00:00 UTC,2019-04-09,07:00 PM,/events/2019/04/09/chicago-bulls-vs-new-york-knicks/,Chicago Bulls vs. New York Knicks
Muse,2019-04-12 20:00:00 UTC,2019-04-12,08:00 PM,/events/2019/04/12/muse-simulation-theory/,"MUSE have announced their Simulation Theory World Tour. The multi-platinum, Grammy Award-winning rock icons will perform at the United Center on Friday, April 12, 2019. "
National Achievers Congress,2019-04-26 00:00:00 UTC,2019-04-26,12:00 AM,/events/2019/04/26/national-achievers-congress/,"Success Resources America is proud to announce the one-day mega-event National Achievers Congress is coming to Chicago, Illinois, Friday, April 26, 2019 at the United Center. See Tony Robbins, Kevin O’Leary, Gary Vaynerchuk, Dean Graziosi, Loren Lahav and many more. "
Trevor Noah,2019-04-27 20:00:00 UTC,2019-04-27,08:00 PM,/events/2019/04/27/trevor-noah/,"Trevor Noah is crossing North America on his first ever arena outing with the Loud & Clear Tour 2019, including a stop in Chicago on April 27!.  The Daily Show  host and celebrated comedian is known around the world for his insightful and authentic take on politics and current events. Kicking off January 18 in Norfolk, Virginia, the 23-city tour will visit cities including Chicago, Tampa, Cincinnati and more."
The 1975,2019-05-08 19:00:00 UTC,2019-05-08,07:00 PM,/events/2019/05/08/the-1975/,The 1975 announced their 2019 tour will make a stop in Chicago on May 8 with special guest No Rome!
Ariana Grande,2019-06-04 20:00:00 UTC,2019-06-04,08:00 PM,/events/2019/04/07/ariana-grande/,"Multiplatinum singer-songwriter Ariana Grande reveals the first set of dates for The Sweetener World Tour, in support of her most recent album, Sweetener. The first leg of the tour kicks off in North America in the spring and includes a stop in Chicago on June 4 and 5!"
UFC 238,2019-06-08 00:00:00 UTC,2019-06-08,12:00 AM,/events/2019/06/08/ufc-238/,"A UFC championship doubleheader will headline the Octagon's return to the Windy City. In the main event, flyweight champion Henry Cejudo will attempt to follow up a stunning first-round knockout victory in his last performance when he battles Brazilian finisher Marlon Moraes for the vacant UFC bantamweight crown. Plus, striking specialist Valentina Shevchenko defends her flyweight title for the first time against Ohio's Jessica ""Evil"" Eye, who is undefeated since returning to 125 pounds."
Billie Eilish,2019-06-09 19:30:00 UTC,2019-06-09,07:30 PM,/events/2019/06/09/billie-eilish-when-we-all-fall-asleep-tour/,"Billie Eilish, California's sensational indie electronic artist is bringing her signature sounds to the United Center on June 9!"
Hugh Jackman,2019-06-21 19:00:00 UTC,2019-06-21,07:00 PM,/events/2019/06/21/hugh-jackman-world-tour/,"Today, Academy Award®-nominated, Golden Globe- and Tony Award-winning performer, Hugh Jackman, announced his first world tour.  The Man. The Music. The Show. will see Jackman performing hit songs from The Greatest Showman, Les Miserable and more from Broadway and film, accompanied by a live orchestra.  The Man. The Music. The Show. will visit Chicago on Friday, June 21 at United Center. "
HockeyFest – Game On!,2019-06-22 00:00:00 UTC,2019-06-22,12:00 AM,/events/2019/06/22/HockeyFest/,"The Chicago Blackhawks today announced the team will host HockeyFest – Game On!, the world’s largest street hockey tournament, on United Center campus parking lots from June 22-23, 2019. This marks the first time ever that this traveling event will be held in the United States."
The 3Kingz Tour - CANCELLED,2019-06-22 19:30:00 UTC,2019-06-22,07:30 PM,/events/2019/06/22/the-3Kingz-tour/,"Chrome Entertainment Group has announced that their 3Kingz Tour featuring Kevin Gates, NBA YoungBoy, Gunna, Young Dolph, DaBaby and Quando Rondo returns to Chicago on Saturday, June 22 at the United Center. Doors open at 6:00 PM CST and the show begins at 7:30 PM CST at 1901 West Madison Street, Chicago IL 60612."
Jennifer Lopez,2019-06-29 20:00:00 UTC,2019-06-29,08:00 PM,/events/2019/06/29/jennifer-lopez/,"Music and entertainment powerhouse Jennifer Lopez revealed details of her highly anticipated It’s My Party Tour, her first ever US headlining tour. To celebrate her birthday, the multi-hyphenate entertainer will bring an all new show to fans in 25 cities across North America this summer, including a stop in Chicago on June 29 & 30!"
Windy City Smokeout,2019-07-12 00:00:00 UTC,2019-07-12,12:00 AM,/events/2019/07/12/windy-city-smokeout/,"Windy City Smokeout, the nation’s premier outdoor BBQ and countrymusic festival, will be held the weekend of July 12-14, 2019 at a new location right outside of Chicago’shistoric United Center."
Intel Extreme Masters,2019-07-20 00:00:00 UTC,2019-07-20,12:00 AM,/events/2019/07/20/intel-extreme-masters/,"ESL, the world’s largest esports company, and Intel, the technology leader in esports, announced that Intel® Extreme Masters (IEM) will be returning to Chicago on July 20-21, 2019, for the 76th global IEM tournament. Tickets on sale May 3 at 12 PM"
Khalid,2019-07-25 19:30:00 UTC,2019-07-25,07:30 PM,/events/2019/07/25/khalid-free-spirit/,"Multi-platinum global superstar Khalid has announced his North American headline dates for “Khalid Free Spirit World Tour” in support of his upcoming sophomore album “Free Spirit”, including a stop in Chicago on July 25."
Jeff Lynne's ELO,2019-07-27 20:00:00 UTC,2019-07-27,08:00 PM,/events/2019/07/27/jeff-lynne-elo-live-2019/,"After returning this summer with their first extensive North American tour since 1981, Jeff Lynne’s ELO is set to bring their outstanding live show to even more audiences with a 20-date summer 2019 tour, including a stop in Chicago at the United Center on July 27!"
Barbra Streisand,2019-08-06 00:00:00 UTC,2019-08-06,12:00 AM,/events/2019/08/06/barbra-streisand/,Barbra Streisand will bring her legendary live performance back to Chicago’s United Center for one night only on August 6th!
Queen,2019-08-09 20:00:00 UTC,2019-08-09,08:00 PM,/events/2019/08/09/queen-the-rhapsody-tour/,The soaring success of Bohemian Rhapsody – the Freddie Mercury/Queen movie that is set to become the biggest grossing music biopic of all time – has proven that the public’s love for Queen remains as strong as ever. 
Backstreet Boys,2019-08-10 20:00:00 UTC,2019-08-10,08:00 PM,/events/2019/08/10/backstreet-boys-DNA/,"The Backstreet Boys are thrilled to announce their biggest arena tour in 18 years along with the release of their new album DNA, coming out January 25th on RCA Records.Beginning on May 11th, the group will set off on the DNA World Tour - their biggest arena tour in 18 years. Produced by Live Nation, the guys will perform all over Europe and North America over the course of three months, headlining venues including the United Center in Chicago on Aug. 10, 2019!"
John Mayer,2019-08-14 19:30:00 UTC,2019-08-14,07:30 PM,/events/2019/08/14/john-mayer-2019/,"GRAMMY Award®-winning artist JOHN MAYER has added North American concerts to his 2019 World Tour, including stops in Chicago on Aug. 14 and Aug. 15!"
Thomas Rhett,2019-09-14 19:00:00 UTC,2019-09-14,07:00 PM,/events/2019/10/29/thomas-rhett-2019/,"Thomas Rhett has announced an extensive series of dates for his 2019 Very Hot Summer Tour, set to begin in May 2019, which includes a stop in Chicago on on Sept. 14, 2019!"
Chicago Blackhawks Training Camp Festival,2019-09-15 11:00:00 UTC,2019-09-15,11:00 AM,/events/2019/09/15/chicago-blackhawks-training-camp-festival/,Join the Blackhawks for their first skate back at the United Center ahead of the 2019-20 NHL campaign.
Chicago Blackhawks vs. Detroit Red Wings,2019-09-18 19:30:00 UTC,2019-09-18,07:30 PM,/events/2019/09/18/chicago-blackhawks-vs-detroit-red-wings/,Chicago Blackhawks vs. Detroit Red Wings
Jonas Brothers,2019-09-19 19:30:00 UTC,2019-09-19,07:30 PM,/events/2019/09/19/jonas-brothers-happiness-begins/,"After building overwhelming anticipation, GRAMMY® nominated multiplatinum powerhouse trio–Jonas Brothers—announce the details for their 40-city Happiness Begins Tour this summer and fall with special guests Bebe Rexha and Jordan McGraw. The tour stops in Chicago on September 19, 2019!"
Chicago Blackhawks vs. Boston Bruins,2019-09-21 19:30:00 UTC,2019-09-21,07:30 PM,/events/2019/09/21/chicago-blackhawks-vs-boston-bruins/,Chicago Blackhawks vs. Boston Bruins
Chicago Blackhawks vs. Washington Capitals,2019-09-25 19:30:00 UTC,2019-09-25,07:30 PM,/events/2019/09/25/chicago-blackhawks-vs-washington-capitals/,Chicago Blackhawks vs. Washington Capitals
Chris Brown,2019-09-26 18:30:00 UTC,2019-09-26,06:30 PM,/events/2019/09/26/chris-brown-indigoat-tour/,"Global music icon, world-class entertainer and Grammy Award winner Chris Brown will be hitting the road for the epic INDIGOAT Tour with some of the hottest names in hip-hop including Tory Lanez, Ty Dolla $ign, Joyner Lucas and Yella Beezy, including a stop at the United Center on September 26."
The Black Keys,2019-09-27 19:00:00 UTC,2019-09-27,07:00 PM,/events/2019/10/27/the-black-keys/,"The Black Keys confirm their extensive, thirty-one-date arena tour of North America. The “Let’s Rock” Tour will hit nationwide cities, including Chicago on Sept. 27!"
Chance The Rapper,2019-09-28 19:00:00 UTC,2019-09-28,07:00 PM,/events/2019/09/28/chance-the-rapper-the-big-day/,"Today, Chance The Rapper announced his highly-anticipated return to the road with The Big Day, including a stop in Chicago on September 28! The tour reveal follows the long-awaited release of his debut studio album, The Big Day, out last Friday. "
Post Malone,2019-10-01 00:00:00 UTC,2019-10-01,12:00 AM,/events/2019/10/01/post-malone-runaway-tour/,"GRAMMY nominated, multi-platinum artist Post Malone revealed the Runaway Tour, his latest North American outing kicking off later this year, including a stop in Chicago on Oct. 1! Tickets go on sale at 10 AM on Friday, August 9."
The Chainsmokers,2019-10-04 19:00:00 UTC,2019-10-04,07:00 PM,/events/2019/10/04/the-chainsmokers/,"The Chainsmokers have announced a series of dates for there World War Joy Tour, set to begin in September 2019, which includes a stop in Chicago on on Oct. 4, 2019!"
Chicago Bulls vs. Milwaukee Bucks,2019-10-07 19:00:00 UTC,2019-10-07,07:00 PM,/events/2019/10/07/chicago-bulls-vs-milwaukee-bucks/,Chicago Bulls vs. Milwaukee Bucks
Chicago Bulls vs. New Orleans Pelicans,2019-10-09 19:00:00 UTC,2019-10-09,07:00 PM,/events/2019/10/09/chicago-bulls-vs-new-orleans-pelicans/,Chicago Bulls vs. New Orleans Pelicans
Chicago Blackhawks vs. San Jose Sharks,2019-10-10 19:30:00 UTC,2019-10-10,07:30 PM,/events/2019/10/10/chicago-blackhawks-vs-san-jose-sharks/,Chicago Blackhawks vs. San Jose Sharks
Hugh Jackman w/ Special Guest Keala Settle,2019-10-11 19:30:00 UTC,2019-10-11,07:30 PM,/events/2019/10/11/hugh-jackman-world-tour2/,"Academy Award®-nominated, Golden Globe- and Tony Award-winning performer, Hugh Jackman, announced that 10 dates in October have been added to his first world tour. Due to overwhelming demand, the tour will make a second stop in Chicago on October 11, 2019!"
Chicago Blackhawks vs. Winnipeg Jets,2019-10-12 18:00:00 UTC,2019-10-12,06:00 PM,/events/2019/10/12/chicago-blackhawks-vs-winnipeg-jets/,Chicago Blackhawks vs. Winnipeg Jets
Chicago Blackhawks vs. Edmonton Oilers,2019-10-14 19:30:00 UTC,2019-10-14,07:30 PM,/events/2019/10/14/chicago-blackhawks-vs-edmonton-oilers/,Chicago Blackhawks vs. Edmonton Oilers
SARA BAREILLES,2019-10-15 20:00:00 UTC,2019-10-15,08:00 PM,/events/2019/10/15/sara-bareilles-amidst-the-chaos-tour/,"Grammy, Tony and Emmy award-nominated singer, songwriter, actress, and author Sara Bareilles announced her Amidst The Chaos Tour will make a stop in Chicago on October 15 with special guest Emily King!"
Chicago Bulls vs. Atlanta Hawks,2019-10-17 19:00:00 UTC,2019-10-17,07:00 PM,/events/2019/10/17/chicago-bulls-vs-atlanta-hawks/,Chicago Bulls vs. Atlanta Hawks
Chicago Blackhawks vs. Columbus Blue Jackets,2019-10-18 19:30:00 UTC,2019-10-18,07:30 PM,/events/2019/10/18/chicago-blackhawks-vs-columbus-blue-jackets/,Chicago Blackhawks vs. Columbus Blue Jackets
Bob Seger,2019-10-19 20:00:00 UTC,2019-10-19,08:00 PM,/events/2019/10/19/bob-seger-roll-me-away/,"Bob Seger & The Silver Bullet Band have added new shows for their Roll Me Away Tour, including a stop in Chicago on Oct. 19, 2019."
Chicago Blackhawks vs. Washington Capitals,2019-10-20 18:00:00 UTC,2019-10-20,06:00 PM,/events/2019/10/20/chicago-blackhawks-vs-washington-capitals/,Chicago Blackhawks vs. Washington Capitals
Chicago Blackhawks vs. Vegas Golden Knights,2019-10-22 19:30:00 UTC,2019-10-22,07:30 PM,/events/2019/10/22/chicago-blackhawks-vs-vegas-golden-knights/,Chicago Blackhawks vs. Vegas Golden Knights
Chicago Blackhawks vs. Philadelphia Flyers,2019-10-24 19:30:00 UTC,2019-10-24,07:30 PM,/events/2019/10/24/chicago-blackhawks-vs-philadelphia-flyers/,Chicago Blackhawks vs. Philadelphia Flyers
Chicago Bulls vs. Toronto Raptors,2019-10-26 19:00:00 UTC,2019-10-26,07:00 PM,/events/2019/10/26/chicago-bulls-vs-toronto-raptors/,Chicago Bulls vs. Toronto Raptors
Chicago Blackhawks vs. Los Angeles Kings,2019-10-27 18:00:00 UTC,2019-10-27,06:00 PM,/events/2019/10/27/chicago-blackhawks-vs-los-angeles-kings/,Chicago Blackhawks vs. Los Angeles Kings
Carrie Underwood,2019-10-29 19:00:00 UTC,2019-10-29,07:00 PM,/events/2019/10/29/carrie-underwood-cry-pretty/,"Seven-time Grammy winner and Pollstar’s three-time top female country touring artist, Carrie Underwood, will launch a new arena tour, The Cry Pretty Tour 360, in Spring 2019.  Sponsored by CALIA, the new tour will will play 55 arenas across the U.S. and Canada and stop in Chicago on October 29.  She will be joined on tour by special guests Maddie & Tae and Runaway June.  "
Chicago Bulls vs. Detroit Pistons,2019-11-01 19:00:00 UTC,2019-11-01,07:00 PM,/events/2019/11/01/chicago-bulls-vs-detroit-pistons/,Chicago Bulls vs. Detroit Pistons
Sebastian Maniscalco,2019-11-02 21:00:00 UTC,2019-11-02,09:00 PM,/events/2019/11/02/sebastian-maniscalco-you-bother-me/,"Fresh off a wildly successful, two-year-plus run on his Stay Hungry Tour, Billboard’s inaugural Comedian of the Year Sebastian Maniscalco is back with the You Bother Me tour! "
TOOL,2019-11-03 19:30:00 UTC,2019-11-03,07:30 PM,/events/2019/11/03/tool-fear-inoculum/,"TOOL, having just released their eagerly awaited fifth studio album, Fear Inoculum, have announced a fall tour including a stop in Chicago on November 3. Special guests will be Killing Joke. "
Chicago Bulls vs. Los Angeles Lakers,2019-11-05 19:00:00 UTC,2019-11-05,07:00 PM,/events/2019/11/05/chicago-bulls-vs-los-angeles-lakers/,Chicago Bulls vs. Los Angeles Lakers
Chicago Blackhawks vs. Vancouver Canucks,2019-11-07 19:30:00 UTC,2019-11-07,07:30 PM,/events/2019/11/07/chicago-blackhawks-vs-vancouver-canucks/,Chicago Blackhawks vs. Vancouver Canucks
Chicago Bulls vs. Houston Rockets,2019-11-09 19:00:00 UTC,2019-11-09,07:00 PM,/events/2019/11/09/chicago-bulls-vs-houston-rockets/,Chicago Bulls vs. Houston Rockets
Chicago Blackhawks vs. Toronto Maple Leafs,2019-11-10 18:00:00 UTC,2019-11-10,06:00 PM,/events/2019/11/10/chicago-blackhawks-vs-toronto-maple-leafs/,Chicago Blackhawks vs. Toronto Maple Leafs
Chicago Bulls vs. New York Knicks,2019-11-12 19:00:00 UTC,2019-11-12,07:00 PM,/events/2019/11/12/chicago-bulls-vs-new-york-knicks/,Chicago Bulls vs. New York Knicks
SuperM,2019-11-13 19:00:00 UTC,2019-11-13,07:00 PM,/events/2019/11/13/superm-we-are-the-future-live/,"K-pop all-star group SuperM will launch its first series of live shows, including a stop in Chicago on November 13!"
Chicago Bulls vs. Brooklyn Nets,2019-11-16 17:00:00 UTC,2019-11-16,05:00 PM,/events/2019/11/16/chicago-bulls-vs-brooklyn-nets/,Chicago Bulls vs. Brooklyn Nets
Chicago Blackhawks vs. Buffalo Sabres,2019-11-17 18:00:00 UTC,2019-11-17,06:00 PM,/events/2019/11/17/chicago-blackhawks-vs-buffalo-sabres/,Chicago Blackhawks vs. Buffalo Sabres
Chicago Bulls vs. Milwaukee Bucks,2019-11-18 19:00:00 UTC,2019-11-18,07:00 PM,/events/2019/11/18/chicago-bulls-vs-milwaukee-bucks/,Chicago Bulls vs. Milwaukee Bucks
Chicago Blackhawks vs. Carolina Hurricanes,2019-11-19 19:30:00 UTC,2019-11-19,07:30 PM,/events/2019/11/19/chicago-blackhawks-vs-carolina-hurricanes/,Chicago Blackhawks vs. Carolina Hurricanes
Chicago Bulls vs. Detroit Pistons,2019-11-20 19:00:00 UTC,2019-11-20,07:00 PM,/events/2019/11/20/chicago-bulls-vs-detroit-pistons/,Chicago Bulls vs. Detroit Pistons
Chicago Blackhawks vs. Tampa Bay Lightning,2019-11-21 19:30:00 UTC,2019-11-21,07:30 PM,/events/2019/11/21/chicago-blackhawks-vs-tampa-bay-lightning/,Chicago Blackhawks vs. Tampa Bay Lightning
Chicago Bulls vs. Miami Heat,2019-11-22 19:00:00 UTC,2019-11-22,07:00 PM,/events/2019/11/20/chicago-bulls-vs-miami-heat/,Chicago Bulls vs. Miami Heat
Chicago Bulls vs. Portland Trail Blazers,2019-11-25 19:00:00 UTC,2019-11-25,07:00 PM,/events/2019/11/25/chicago-bulls-vs-portland-trail-blazers/,Chicago Bulls vs. Portland Trail Blazers
Chicago Blackhawks vs. Dallas Stars,2019-11-26 19:00:00 UTC,2019-11-26,07:00 PM,/events/2019/11/26/chicago-blackhawks-vs-dallas-stars/,Chicago Blackhawks vs. Dallas Stars
Cher,2019-11-27 19:30:00 UTC,2019-11-27,07:30 PM,/events/2019/11/27/cher-here-we-go-again/,"Cher, the legendary multi-award winning entertainer has added 14 major dates to her record-breaking Here We Go Again tour in North America. The new dates will follow a sold-out European leg and stop again in Chicago on November 27."
Chicago Blackhawks vs. Colorado Avalanche,2019-11-29 15:00:00 UTC,2019-11-29,03:00 PM,/events/2019/11/29/chicago-blackhawks-vs-colorado-avalanche/,Chicago Blackhawks vs. Colorado Avalanche
Celine Dion,2019-12-01 19:30:00 UTC,2019-12-01,07:30 PM,/events/2019/12/01/celine-dion-courage-world-tour3/,"One of the most immediately recognized and widely respected superstars in pop music history, Celine Dion, announced that she will be embarking on her COURAGE WORLD TOUR, including a stop in Chicago on December 1!"
Chicago Blackhawks vs. St. Louis Blues,2019-12-02 19:30:00 UTC,2019-12-02,07:30 PM,/events/2019/12/02/chicago-blackhawks-vs-st-louis-blues/,Chicago Blackhawks vs. St. Louis Blues
Chicago Bulls vs. Memphis Grizzlies,2019-12-04 19:00:00 UTC,2019-12-04,07:00 PM,/events/2019/12/04/chicago-bulls-vs-memphis-grizzlies/,Chicago Bulls vs. Memphis Grizzlies
Chicago Bulls vs. Golden State Warriors,2019-12-06 19:00:00 UTC,2019-12-06,07:00 PM,/events/2019/12/06/chicago-bulls-vs-golden-state-warriors/,Chicago Bulls vs. Golden State Warriors
Erykah Badu & Nas,2019-12-07 20:00:00 UTC,2019-12-07,08:00 PM,/events/2019/12/07/erykah-badu-and-nas/,Erykah Badu and Nas have teamed together for a high energy show. This concert will include some of their chart topping hits and timeless tracks that continue to paint the soundtrack of millions of lives around the globe.
Chicago Blackhawks vs. Arizona Coyotes,2019-12-08 18:00:00 UTC,2019-12-08,06:00 PM,/events/2019/12/08/chicago-blackhawks-vs-arizona-coyotes/,Chicago Blackhawks vs. Arizona Coyotes
Chicago Bulls vs. Toronto Raptors,2019-12-09 19:00:00 UTC,2019-12-09,07:00 PM,/events/2019/12/09/chicago-bulls-vs-toronto-raptors/,Chicago Bulls vs. Toronto Raptors
Chicago Bulls vs. Atlanta Hawks,2019-12-11 19:00:00 UTC,2019-12-11,07:00 PM,/events/2019/12/11/chicago-bulls-vs-atlanta-hawks/,Chicago Bulls vs. Atlanta Hawks
Chicago Bulls vs. Charlotte Hornets,2019-12-13 19:00:00 UTC,2019-12-13,07:00 PM,/events/2019/12/13/chicago-bulls-vs-charlotte-hornets/,Chicago Bulls vs. Charlotte Hornets
Chicago Bulls vs. Los Angeles Clippers,2019-12-14 19:00:00 UTC,2019-12-14,07:00 PM,/events/2019/12/14/chicago-bulls-vs-los-angeles-clippers/,Chicago Bulls vs. Los Angeles Clippers
Chicago Blackhawks vs. Minnesota Wild,2019-12-15 18:00:00 UTC,2019-12-15,06:00 PM,/events/2019/12/15/chicago-blackhawks-vs-minnesota-wild/,Chicago Blackhawks vs. Minnesota Wild
Chicago Blackhawks vs. Colorado Avalanche,2019-12-18 19:00:00 UTC,2019-12-18,07:00 PM,/events/2019/12/18/chicago-blackhawks-vs-colorado-avalanche/,Chicago Blackhawks vs. Colorado Avalanche
107.5 WGCI BIG JAM,2019-12-20 19:00:00 UTC,2019-12-20,07:00 PM,/events/2019/12/20/wgci-big-jam/,"107.5 WGCI BIG JAM returns to the United Center on December 20, 2019 with another all star lineup* featuring: Migos, DaBaby, G Herbo, Wale, Megan Thee Stallion, Yella Beezy, Jacquees and Tink!*The lineup is subject to change"
Chicago Legends,2019-12-21 17:30:00 UTC,2019-12-21,05:30 PM,/events/2019/12/21/chicago-legends1/,"The Chicago Legends college basketball doubleheader returns to the United Center on Saturday, December 21, 2019! The event highlights the Windy City’s rich history of basketball with top and will feature honor local Chicagoans who have made outstanding contributions to the game."
Chicago Blackhawks vs. New Jersey Devils,2019-12-23 19:30:00 UTC,2019-12-23,07:30 PM,/events/2019/12/23/chicago-blackhawks-vs-new-jersey-devils/,Chicago Blackhawks vs. New Jersey Devils
Harlem Globetrotters,2019-12-26 14:00:00 UTC,2019-12-26,02:00 PM,/events/2019/12/26/harlem-globetrotters/,The Original Harlem Globetrotters is headed your way. Take your family to this unforgettable event where you won’t be watching the action...you’ll be in the middle of it! 
Chicago Blackhawks vs. New York Islanders,2019-12-27 19:30:00 UTC,2019-12-27,07:30 PM,/events/2019/12/27/chicago-blackhawks-vs-new-york-islanders/,Chicago Blackhawks vs. New York Islanders
Chicago Bulls vs. Atlanta Hawks,2019-12-28 19:00:00 UTC,2019-12-28,07:00 PM,/events/2019/12/28/chicago-bulls-vs-atlanta-hawks/,Chicago Bulls vs. Atlanta Hawks
Chicago Bulls vs. Milwaukee Bucks,2019-12-30 19:00:00 UTC,2019-12-30,07:00 PM,/events/2019/12/30/chicago-bulls-vs-milwaukee-bucks/,Chicago Bulls vs. Milwaukee Bucks
Chicago Bulls vs. Utah Jazz,2020-01-02 19:00:00 UTC,2020-01-02,07:00 PM,/events/2020/01/02/chicago-bulls-vs-utah-jazz/,Chicago Bulls vs. Utah Jazz
Chicago Bulls vs. Boston Celtics,2020-01-04 19:00:00 UTC,2020-01-04,07:00 PM,/events/2020/01/04/chicago-bulls-vs-boston-celtics/,Chicago Bulls vs. Boston Celtics
